Approved Budget of the Contract,Quantity,Item Budget,Contract Amount
16750.0,1000,16750.0,11000.0
4800000.0,3,4800000.0,4800000.0
1174900.0,1,1174900.0,1174900.0
12725703.20719999,1,12725703.20719999,2298940.0
279750.0,1,279750.0,273150.0
5000000.0,1,5000000.0,4800000.0
200000.0,50,200000.0,200000.0
2400000.0,1900,2400000.0,475000.0
400000.0,1,400000.0,351670.0
686162.0,1200,686162.0,686162.0
162500.0,250,162500.0,150000.0
200000.0,200,200000.0,180000.0
300000.0,295,300000.0,299573.95
